Verne Troyer - 1969,Jack Wilshere - 1992,Colin Morgan - 1986,Jeremy Irvine - 1990,King Louis XII of france - 1515,Ron Asheton - 2009,New Years Day,1999 - The Euro becomes legal tender
Ben Hardy - 1991,Kate Bosworth - 1983,Maxi Rodriguez - 1981,Cuba Gooding Jr - 1968,Pete Postlethwaite - 2011,Guccio Gucci - 1953,1818 - Institution of Civil Engineers founded,1981 - The Yorkshire Ripper Arrested
Mel Gibson - 1956,JRR Tolkein - 1892,Danica McKellar - 1975,Eli Manning - 1981,Conrad Hilton - 1979,Alicia Rhett - 2014,1959 - Alaska becomes the 49th state,1977 - Apple is founded
Craig Revel Horwood - 1965,Labrinth - 1989,Louis Braille - 1809,James Milner - 1986,Erwin Schrodinger - 1961,T.S Eliot - 1965,1896 - Utah becomes the 45th state,2010 - The Burj Khalifah opens
Bradley Cooper - 1975,Diane Keaton - 1946,Deadmau5 - 1981,Marilyn Manson - 1969,Calvin Coolidge - 1933,Ernest Shackleton - 1922,1886 - Dr Jekyll and Mr Hyde published,1952 - Churchill makes official visit to US
Rowan Atkinson - 1955,Eddie Redmayne - 1982,Norman Reedus - 1969,Andy Carroll - 1989,Theodore Roosevelt - 1919,Om Puri - 2017,1066 - Harold becomes first king of England,1540 - Henry VIII marries Anne of Cleeves
Lewis Hamilton - 1985,Nicolas Cage - 1964,Eden Hazard - 1991,Jeremy Renner - 1971,Nikola Tesla - 1943,Huell Howser - 2013,1927 - The first transatlantic telephone is built,2015 - Charlie Hebdo Massacre
Stephen Hawking - 1942,David Bowie - 1947,Kim-Jong Un - 1983,Elvis Presley - 1935,Galileo Galilei - 1642,Lord Robert Baden Powell - 1941,1828 - The US democratic party is founded,1963 - Mona Lisa displayed in US for the first time 
Kate Middlerton - 1982,Sean Paul - 1973,Richard Nixon - 1913,JK Simmons - 1955,Marco Polo - 1324,Angus Scrimm - 2016,2007 - Steve Jobs announces the first iPhone,1957 - Prime Minister Anthony Eden Resigns
Rod Stewart - 1945,Tony Gardner - 1964,George Foreman - 1949,Abbey Clancy - 1986,David Bowie - 2016,Coco Chanel - 1971,49BC - Caesar's civil war begins,1946 - The first meeting of the United Nations
Rachel Riley - 1986,Louisa Johnson - 1998,Jamie Vardy - 1987,LunchMoneyLewis - 1988 ,Sir Edmund Hillary - 2008,Thomas Hardy - 1928,1935 - First solo flight from hawaii to california,1879 - Anglo-Zulu war begins
Zayn Malik - 1993,Pixie Lott - 1991,Mel C - 1974,Joe Frazier - 1944,Maurice Gibb - 2003,Agatha Christie - 1976,2010 - Earthquake in Haiti kills over 100000 people ,2004 - RMS Queen Mary II makes its maiden voyage
Orlando Bloom - 1977,Max Whitlock - 1993,Liam Hemsworth - 1990,Sketch from tattoo fixers - 1988,Lawrence Phillips - 2016,Lord Snowdon - 2017,1993 - Endeavour is launched for 3rd time,2012 - Costa Concordia Sinks 
Dave Grohl - 1969,Jason Bateman - 1969,Jack P Shepherd - 1988,Frankie Bridge - 1989,Alan Rickman - 2016,Anthony Eden - 1977,1972 - Margrethe becomes Denmark's first queen since 1412,1943 - Casablanca Conference
Martin Luther King - 1929,Pitbull - 1981,Skrillex - 1988,Claudia Winkleman - 1972,Roger Lloyd Pack - 2014,Dan Haggerty - 2016,1559 - Elizabeth I Crowned queen of england,1970 - Colonel Gaddafi becomes leader of libya
James May - 1963,Kate Moss - 1974,Nicklas Bendtner - 1988,FKA Twigs - 1988,Russell Johnson - 2014,Eugene Cernan - 2017,1920 - League of Nations holds first council,1980 - Paul McCartney jailed for 10 days for cannabis possesion
Jim Carrey - 1962,Michelle Obama - 1964,Muhamed Ali - 1942,Calvin Harris - 1984,Rutherford B Hayes - 1893,Bobby Fischer - 2008,1966 - Martin Luther King opens campaign in Chicago,1976 - I write the songs by barry mannilow becomes number 1 in UK
Jason Segel 1980,Dave Bautista - 1969,Pep Guardiola - 1971,AA Milne - 1882,John Tyler - 1862,Glenn Frey - 2016,1919 - Bentley Motors founded,1973 - Final episode of Monty Python's flying circus
Dolly Parton - 1946,Logan Lerman - 1992,Edgar Allan Poe - 1809,Jenson Button - 1980,Miguel Ferrer - 2017,Mike Kellie - 2017,1966 - Indira Gandhi - becomes India's only female leader,2013 - Lance Armstrong admits to doping offences
Gary Barlow - 1971,Evan Peters - 1987,Buzz Aldrin - 1930,Tom Baker - 1934,Audrey Hepburn - 1993,Matt Busby - 1994,1936 - Edward VIII becomes king of britain,1993 - Bill Clinton becomes US President
Emma Bunton - 1976,Rasputin - 1869,Billy Ocean - 1950,Jack Nicklaus - 1940,Louis XVI of France - 1793,George Orwell - 1950,2017 - More than 2 million people protest against Donald Trump,2013 - 2 trains crash in Vienna - killing 41 people
John Hurt - 1940,Diane Lane - 1965,Steve Perry - 1949,Sam Cooke - 1931,Heath Ledger - 2008,Queen Victoria - 1901,1946 - CIA founded,1997 - SS Atlantis returns to earth
Arjen Robben - 1984,Lisa Snowdon - 1972,John Hancock - 1737,Robin Zander - 1953,Salvador Dali - 1989,Nell Carter - 2003,1571 - Royal Exchange in London opens,1973 - President Nixon announces end to Vietnam War
Neil Diamond - 1941,Kristen Schaal - 1978,Ed Helms - 1974,Luis Suarez - 1987,Winston Churchill - 1965,Richard G Stern - 2013,41 - Claudius becomes roman emporer,2006 - Disney buys pixar for $7.4bn
Alicia Keys - 1981,Xavi Hernandez - 1980,Jordan Stephens - 1992,Virginia Woolf - 1882,Mary Taylor Moore - 2017,Ava Gardner - 1990,1327 - Edward III becomes King of England,1961 - JFK gives first televised presidential conference.
Ellen DeGeneres - 1958,Wayne Gretzky - 1961,Jose Mourinho - 1963,Eddie Van Halen - 1955,Edward Jenner - 1823,Barbara Hale - 2017,1340 - Edward III of england becomes king of france,1980 - 175 -000 pay to see Frank Sinatra sing in Rio de Janeiro
Mozart - 1956,Rosamund Pike - 1979,Lewis Carroll - 1832,Daisy Lowe - 1989,John Hurt - 2017,Francis Drake - 1596,1948 - First Tape Recorder sold,2013 - Andy Murray loses Australian Open final to Djokovic
Elijah Wood - 1981,Gigi Buffon - 1978,Will Poulter - 1993,Henry VII - 1457,Henry VIII - 1547,Charlemagne - 814,1813 - Pride and Prejudice is published,1887 - work begins on Eiffel Tower
Oprah Winfrey - 1954,Adam Lambert - 1982,William McKinley - 1843,Rag N Bone Man - 1985,George III - 1820,Robert Frost - 1963,1595 - Romeo and Juliet first performed,1886 - First automobile patented by Karl Benz
Christian Bale - 1974,Franklin D Roosevelt - 1882,Phil Collins - 1961,Peter Crouch - 1981,Mahatma Gandhi - 1948,Geraldine McEwan - 2015,1487 - Bell Chimes Invented,1933 - Hitler becomes Chancellor of Germany
Justin Timberlake - 1981,Marcus Mumford - 1987,Johnny Rotten - 1956,Minnie Driver - 1970,Terry Wogan - 2016,AA Milne - 1956,1971 - Apollo 14 launched,1999 - Family Guy first airs
Harry Styles - 1994,Elisabeth Sladen - 1946,Ronda Rousey - 1987,Oliver Heldens - 1995,Mary Shelley - 1851,Piet Mondrian - 1944,1893 - Thomas Edison completes world's first movie studios,1982 - Late Night with David Letterman first airs in US
Shakira - 1977,Gerard Pique - 1987,Gemma Arterton - 1986,Christine Bleakley - 1979,Gene Kelly - 1996,Philip Seymour Hoffman - 2014,1901 - Queen Victoria's funeral takes place,1974 - Barbra Streisand has her first #1 hit
Warwick Davis - 1970,Amal Clooney - 1978,Isla Fisher - 1976,Sean Kingston - 1990,Woodrow Wilson - 1924,Maurice White - 2016,"1967 - Jimi Hendrix records ""Purple Haze""",2016 - Barack Obama visits his first US mosque
Alice Cooper - 1948,Kimberley Wyatt - 1982,Dara O Briain - 1972,Natalie Imbruglia - 1975,Liberace - 1987,Ossie Davis - 2005,1784 - First Unmanned balloon flight,1938 - Hitler siezes control of German army
Cristiano Ronaldo - 1985,Neymar - 1992,Michael Sheen - 1969,Carlos Tevez - 1984,George Bass - 1803,Doug McClure - 1995,"1936 - ""Modern Time"" film is released - starring Charlie Chaplin",1974 - British miners strikes begin
Bob Marley - 1945,Ronald Reagan - 1911,Rick Astley - 1966,Dane DeHaan - 1986,Jack Kirby - 1994,George VI - 1952,1778 - Britain declares war on france,1952 - Elizabeth II becomes queen 
Charles Dickens - 1812,James Spader - 1960,Chris Rock - 1965,Ashton Kutcher - 1978,Pope Pius IX - 1878,Viola Desmond - 1965,1940 - British Railways nationalised,1940 - Pinocchio premieres in New York
James Deam - 1931,Seth Green - 1974,Dani Harmer - 1989,John Williams - 1932,Mary Queen of Scots - 1587,Tara Palmer Tomkinson - 2017,1922 - James I disbands english parliament,1968 - Planet of the Apes premieres in New York
Tom Hiddleston - 1981,Michael B Jordan - 1987,Rose Leslie - 1987,Joe Pesci - 1943,Princess Margaret - 2002,Barry Evans - 1997,1825 - James Quincy Adams becomes 6th president,1971 - Apollo 14 returns to earth
Chloe Grace Moretz - 1997,Holly Willoughby - 1981,Justin Gatlin - 1982,Elizabeth Banks - 1973,Shirley Temple - 2014,Jospeh Lister - 1912,1814 - French beat Russians at battle of Champaubert,1918 - Russia leaves WW1
Thomas Edison - 1847,Jennifer Aniston - 1969,Taylor Lautner - 1992,Natalie Dormer - 1982,Whitney Houston - 2012,Alexander McQueen - 2010,1531 - Henry VIII founds Church of England,1809 - Steamboat is patented
Abraham Lincoln - 1809,Charles Darwin - 1809,Josh Brolin - 1968,Christina Ricci - 1980,Gary Owens - 2015,Charles Schulz - 2000,1554 - Lady Jane Grey  executed for treason,1818 - Chile gains independence from Spain
Robbie Williams - 1974,Katie Hopkins - 1975,Hugh Dennis - 1962,Jerry Springer - 1944,Richard Wagner - 1883,Christabel Pankhurst - 1958,1861 - Abraham Lincoln declared US President,1982 - Pink Floyd's Dark Side of the Moon breaks record for most weeks in charts 
Freddie Highmore - 1992,Simon Pegg - 1970,Teller - 1948,Christian Eriksen - 1992,James Cook - 1779,Tom Finnay - 2014,1859 - Oregon becomes 33rd state,1931 - Original Dracula film released
Galileo - 1564,Ziggy - 1991,Alex Borstein - 1973,Matt Groening - 1955,Nat King Cole - 1965,Richard Feynman - 1988,1933 - Franklin Roosevelt is target of failed assassination,1936 - Hitler announces building of Volkswagen automobiles
Amanda Holden - 1971,Elizabeth Olsen - 1989,Christopher Eccleston - 1964,Levar Burton - 1957,Lesley Gore - 2015,Elyse Knox - 2012,1923 - Explorers discover tomb of tutankhamun,1945 - Venezuela enters WW2
Ed Sheeran - 1991,Paris Hilton - 1981,Joseph Gordon Levitt - 1981,AB De Villiers - 1984,Richard Briers - 2013,Mindy McCready - 2013,1865 - City of Columbia - South Carolina burns down,2008 - Kosovo declares independence from Serbia
Yoko Ono - 1933,Dr Dre - 1965,Gary Neville - 1975,John Travolta - 1954,Michaelangelo - 1564,Robert Oppenheimer - 1967,1861 - Victor Emmanuel II becomes first king of Italy,1901 - Churchill makes maiden speech in house of commons
Luke Pasqualino - 1990,Benicio Del Torro - 1967,Smoky Robinson - 1940,David Gandy - 1980,Harper Lee - 2016,Ernest Manning - 1996,1984 - 14th winter olympics close ,1971 - Paul McCartney released another day in UK
Kurt Cobain - 1967,Rihanna - 1988,Trevor Noah - 1984,Anthony Head - 1954,Feruccio Lamborghini - 1996,Sandra Dee - 2005,1811 - Austria declares bankruptcy,1938 - Anthony Eden resigns as foreign secretary
Alan Rickman - 1946,Sophie Turner - 1996,Michael McIntyre - 1976,Katie McGrath - 1983,Tim Horton - 1974,Howard Florey - 1968,1848 - Karl Marx publishes the communist manifesto,1953 - Structure of DNA molecule discovered
Drew Barrymore - 1975,Steve Irwin - 1962,Bruce Forsyth - 1928,Julie Walters - 1950,Andy Warhol - 1987,Nicholas Courtney - 2011,1854 - First meeting of US Republican Party,1968 - Genesis release their first record - The Silent Sun
Josh Gad - 1981,Emily Blunt - 1983,Kelly MacDonald - 1976,Skylar Grey - 1986,Stan Laurel - 1965,John Keats - 1821,1782 - First patent for steam engine is granted,1919 - Italian fascist party founded by Mussolini
Steve Jobs - 1955,Floyd Mayweather Jr - 1977,Ramona Marquez - 2001,Erna Solberg - 1961,Bobby Moore - 1993,Dennis Weaver - 2006,1868 - Congress votes to impeach Andrew Jackson,1924 - Gandhi released from prison
Sean Astin - 1971,George Harrison - 1943,Lee Evans - 1964,Ed Balls - 1967,Don Bradman - 2001,Bill Paxton - 2017,1793 - First meeting of US cabinet,1862 - Paper currency introduced in US
Johnny Cash - 1932,Nate Ruess - 1982,Pepe - 1983,Danny Mac - 1988,Bill Hicks - 1994,Wendy Richard - 2009,1863 - Single currency established in US ,1938 - First passenger ship equipped with radar
Timothy Spall - 1957,John Steinbeck - 1902,Peter Andre - 1973,Kate Mara - 1983,Leonard Nimoy - 2015,Spike Milligan - 2002,1816 - Dutch regain Suriname from the french,1980 - Robert Mugabe comes to power in Zimbabwe
Ainsley Harriott - 1957,Jake Bugg - 1994,Daniel Handler - 1970,Sarah Bolger - 1991,George Kennedy - 2016,Jane Russell - 2011,1784 - John Wesley founds methodist church,1984 - Michael Jackson wins 8 awards at 26th Grammies
Mark Foster - 1984,Jessie Usher - 1992,Ja Rule - 1976,Benedikt Howedes - 1988,Davy Jones - 2012,Lee Reherman - 2016,1960 - First playboy club opens in Chicago,1984 - Pierre Trudeau steps down as prime minister of Canada
Paul Hollywood - 1966,Jensen Ackles - 1978,Lupita Nyong'o - 1983,Roger Daltrey - 1944,Dixie Dean - 1980,Jackie Coogan - 1984,1780 - Pennsylvania is first state to abolish slavery,1961 - JFK establishes the peace corps
Jon Bon Jovi - 1962,Daniel Craig - 1968,Chris Martin - 1977,Nathalie Emmanuel - 1989,Dusty Springfield - 1999,John Wesley - 1791,1882 - Failed assassination attempt on Queen Victoria,1946 - Ho Chi Minh elected president of Vietnam
Alexander Graham Bell - 1847,Jessica Biel - 1982,Ronan Keating - 1977,Ian Beattie - 1965,Martin Crowe - 2016,Tommy Page - 2017,1791 - US Mint established,1845 - Florida becomes 27th state
Kenny Dalglish - 1951,Brooklyn Beckham - 1999,Catherine O'Hara - 1954,Erik Lamela - 1992,John Candy - 1994,Joey Martin Feek - 2016,1665 - Charles II declares war on the Netherlands,1789 - 1st US Congress meets
Matt Lucas - 1974,Andy Gibb - 1958,Dan Carter - 1982,Jake Lloyd - 1989,Hugo Chavez - 2013,Paul Bearer - 2013,1917 - Woodrow Wilson inaugrated for a second term,1946 - Churchill's 'Iron Curtain' speech
Shaquille O'Neal - 1972,David Gilmour - 1946,Michaelangelo - 1475,Simon Mignolet - 1988,Nancy Reagan - 2016,Georgia O'Keeffe,1521 - Island of Guam discovered,1869 - Mendeleev presents first periodic table
Bryan Cranston - 1956,Rachel Weisz - 1970,Rik Mayall - 1958,Justin Kelly - 1925,Pee Wee King - 2000,Stanley Kubrick - 1999,1530 - Henry VIII divorce request denied by the pope,1936 - Hitler sends troops to the Rhineland
Freddie Prinze Jr - 1976,James Van Der Beek - 1977,Kristen Halby - 1993,Kenny Smith - 1965,William Howard Taft - 1930,Joe DiMaggio - 1999,1855 - 1st train crosses first railway suspension bridge in US,1920 - Denmark and Cuba join League of Nations
Oscar Isaac - 1979,Clint Dempsey - 1983,Wretch 32 - 1985,Klariza Clayton - 1989,Notorious B.I.G - 2017,George Burns - 1996,2011 - SS Discovery makes its 39th - and final - landing,1953 - Josef Stalin buried in Moscow
Chuck Norris - 1940,Jon Hamm - 1971,Sepp Blatter - 1926,Sharon Stone - 1958,Andy Gibb - 1988,Keith Emerson - 2016,1997 - 'Buffy the Vampire Slayer' premieres on television,1978 - The Incredible Hilk premieres on CBS
John Barrowman - 1967,Shane Richie - 1964,Alex Kingston - 1963,Didier Drogba - 1978,Alexander Fleming - 1955,Slobodan Milosevic - 2006,2011 - Japanese earthquake and tsunami ,2006 - Michelle Bachelet becomes first female president of Chile
Liza Minnelli - 1946,Danny Jones - 1986,Mitt Romney - 1947,Coleen Nolan - 1965,Anne Frank - 1956,Terry Pratchett - 2015,2012 - Hunger Games premieres in LA,1958 - British empire day is renamed commonwealth day
Kaya Scodelario - 1992,Common - 1972,Harry Melling - 1989,Naughty Boy - 1985,Susan B Anthony - 1906,Benjamin Harrison - 1901,1943 - Failed assassination attempt on Hitler,2013 - Pope Francis becomes pope
Albert Einstein - 1879,Michael Caine - 1933,Steph Curry - 1988,Billy Crystal - 1948,Karl Marx - 1883,Tony Benn - 2014,1990 - Mikhail Gorbachev becomes president of USSR,2013 - Xi Jinping becomes president of China 
Will.I.Am - 1975,Andrew Jackson - 1767,Eva Longoria - 1975,Paul Pogba - 1993,Julius Caesar - 44BC,David Brenner - 2014,1744 - French King Louis XV declares war on England,1820 - Maine becomes 23rd state
Jerome Flynn - 1963,Aisling Bea - 1984,Theo Walcott - 1989,George Ford - 1993,Frank Sinatra Jr - 2016,James Cotton - 2017,1872 - First FA Cup final,1976 - Prime Minister Harold Wilson resigns
John Boyega - 1992,Ruth Langsford - 1950,Nat King Cole - 1919,Alexander McQueen - 1969,Paul Daniels - 2016,Helen Hayes - 1993,1973 - New London Bridge is opened,2017 - Live action Beauty and the Beast opens in cinemas
Adam Levine - 1979,Neville Chamberlain - 1869,Lily Collins - 1989,Grover Cleveland - 1837,Chuck Berry - 2017,Natasha Richardson - 2009,1995 - Michael Jordan comes out of retirement ,2011 - Messenger spacecraft enters mercury's orbit
Bruce Willis - 1955,Harvey Weinstein - 1952,Glenn Close - 1947,Maddy Hill - 1990,Mohammed Ali - 2006,Randy Rhoades - 1982,1931 - Nevada legalises gambling,2016 - Batman v Superman premieres in Mexico City
Emma Willis - 1976,Chester Bennington - 1976,David Thewlis - 1963,Vera Lynn - 1917,Lev Yeshin - 1990,Queen Juliana of Holland - 2004,1930 - KFC is founded by Colonel Sanders,1944 - Mount Vesuvius erupts
Gary Oldman - 1958,Timothy Dalton - 1944,Ayrton Senna - 1960,Matthew Broderick - 1962,Martin McGuinness - 2017,Peter Brown - 2016,1935 - Persia is renamed Iran,1963 - Alcatraz prison is closed
Reese Witherspoon - 1976,William Shatner - 1931,Andrew Lloyd Webber - 1948,Gaz Beadle - 1988,Jade Goody - 2009,Rob Ford - 2016,1790 - Thomas Jefferson becomes first secretary of state,1963 - The Beatles release their first album - Please Please Me
Russell Howard - 1980,Mo Farah - 1983,Damon Albarn - 1968,Keri Russell - 1976,Lil Chris - 2015,Ken Howard - 2016,1933 - Hitler is granted dictatorial powers,1956 - Sudan becomes independent from Britain
Mary Berry - 1935,Harry Houdini - 1874,Alan Sugar - 1947,Finn Jones - 1988,Elizabeth I - 1603,Johan Cryuff - 2016,1603 - Scottish King James VI become James 1 of England,1837 - Canada gives black citizens the right to vote
Elton John - 1947,Lee Pace - 1979,Patrick Troughton - 1920,Wladimir Klitchsko - 1976,Claude Debussy - 1918,Buck Owens - 2006,1199 - Richard I is wounded by crossbow bolt ,1306 - Robert the Bruce becomes king of scotland
Keira Knightley - 1985,Leonard Nimoy - 1931,Matin Short - 1950,Steve Tyler - 1948,Beethoven - 1827,Cecil Rhodes - 1902,1992 - Mike Tyson sentenced to 10 years in prison,2005 - Doctor Who returns to television
Quentin Tarantino - 1963,Nathan Fillion - 1971,Mariah Carey - 1970,Jessie J - 1988,Yuri Gagarin - 1968,Warren Stevens - 2012,1995 - Back for Good by Take That becomes #1 in 31 countries,1984 - Starlight Express musical premieres
Nick Frost - 1972,Vince Vaughn - 1970,Lady Gaga - 1986,Zoe Sugg - 1990,Virginia Woolf - 1941,Patrick Troughton - 1987,1939 - Spanish Civil War ends,1994 - BBC radio 5 live airs for the first time
Brendan Gleeson - 1955,Elle MacPherson - 1964,N'Golo Kante - 1991,Scott Wilson - 1942,Richard Griffiths - 2013,Charles Wesley - 1788,1871 - Royal Albert Hall opens,2015 - Australia beats NZ to win cricket world cup
Celine Dion - 1968,Vincent Van Gogh - 1853,Robbie Coltrane - 1950,Piers Morgan - 1965,The Queen Mother - 2002,Michael Jeter - 2003,2000 - Richard Branson is knighted,2013 - North Korea announces it is 'at war' with South Korea
Ewan McGregor - 1971,J.S. Bach - 1685,Christopher Walken - 1943,Al Gore - 1948,Ronnie Corbett - 2016,Isaac Newton - 1727,1889 - Eiffel Tower opens in Paris,1999 - 10 Things I hate about you is released in cinema
Phillip Schofield - 1962,Susan Boyle - 1961,Asa Butterfield - 1997,Debbie Reynolds - 1932,Marvin Gaye - 1984,Scott Joplin - 1917,2001 - Holland becomes first country to allow same sex marriage,2017 - Chinese announce plans to build new city 3x the size of New York
Michael Fassbender - 1977,Alec Guinness - 1914,Clark Gregg - 1962,Hans Christian Anderson - 1805,Pope John Paul II - 2005,Georges Pompidou - 1974,1860 - 1st meeting of Italian parliament in Turin,2015 - 140 people killed by gunmen at kenyan university
Eddie Murphy - 1961,Alec Baldwin - 1958,Leona Lewis - 1985,Nigel Farage - 1964,Johannes Brahms - 1897,Sarah Brady - 2015,1657 - Oliver Cromwell refuses crown of Britain,2017 - Bomb on St Petersburg Metro kills 11 
Robert Downey Jr - 1965,Heath Ledger - 1979,Graeme Norton - 1963,Hugo Weaving - 1960,Martin Luther King - 1968,Karl Benz - 1944,1841 - John Tyler becomes 10th US President,1850 - City of Los Angeles founded
Pharrell Williams - 1973,Lily James - 1979,Gregory Peck - 1916,Anthony Horowitz - 1955,Kurt Cobain - 1994,Georges Danton - 1794,1954 - Elvis Presley records debut single,1955 - Anthony Eden becomes prime minister of UK
Paul Rudd - 1969,Michael Rooker - 1955,Louie Spence - 1969,Raphael - 1483,Raphael - 1520,Mickey Rooney - 2014,1672 - France declares war on the Netherlands,1991 - Maradona gets 15 month ban for cocaine use
Tim Peake - 1972,Jackie Chan - 1954,Russell Crowe - 1964,Franck Ribery - 1983,Henry Ford - 1947,Peaches Geldof - 2014,2001 - Mars Odyssey is launched,2017 - Donald Trump announces missile strikes on syria
Gennady Golovkin - 1982,Taylor Kitsch - 1981,Patricia Arquette - 1968,Matty Healy - 1989,Margaret Thatcher - 2013,James Hellwig - 2014,1879 - Milk sold in glass bottles for first time,1977 - Yitzhak Rabin resigns as premier oh Israel
Gerard Way - 1977,Kristen Stewart - 1990,Hugh Hefner - 1926,Dennis Quaid - 1954,Francis Bacon - 1626,Frank Lloyd Wright - 1959,1953 - 'TV Guide' published for first time,1963 - Winston Churchill becomes first honorary US citizen
Daisy Ridley - 1992,Alex Pettyfer - 1990,Charlie Hunnam - 1980,Roberto Carlos - 1973,Dixie Carter - 2010,Natalie Schafer - 1991,2014 - Amazing Spider Man 2 premieres in London,2017 - Guardians of the Galaxy vol 2 premieres in Tokyo
Jeremy Clarkson - 1960,DJ Fresh - 1977,Will Tudor - 1987,Cerys Matthews - 1969,The Elephant Man - 1890,J. Geils - 2017,1976 - Apple 1 computer is released,2012 - The Avengers premieres in L.A
Brendon Urie - 1987,Claire Danes - 1979,Andy Garcia - 1956,Bobby Moore - 1941,Franklin D Roosevelt - 1945,David Gest - 2016,1931 - Spanish monarchy is rejected by the public,1987 - Texaco files for bankruptcy
Thomas Jefferson - 1743,Ron Perlman - 1950,Peter Davison - 1951,George North - 1992,Dan Rooney - 2017,King Curtis - 1971,1957 - 12 Angry Men released,2015 - Premiere of Avengers: Age of Ultron
Peter Capaldi - 1958,Sarah Michelle Gellar - 1977,Adrien Brody - 1973,Pete Rose - 1941,George Handel - 1759,Peter Steele - 2010,1912 - RMS Titanic hits an iceberg,2017 - The fate of the furious is released in cinemas
Emma Watson - 1990,Maisie Williams - 1997,Emma Thompson - 1959,Luke Evans - 1979,Abraham Lincoln - 1865,Tommy Cooper - 1984,1738 - Bottle Opener invented,1793 - Bank of England issues first £5 note
Charlie Chaplin - 1889,Pope Benedict - 1927,Lily Loveless - 1990,Nate Diaz - 1985,Pat Summerall - 2013,Joe Kirk - 1975,1862 - Slavery abolished in district of Columbia,1986 - Colonel Gaddafi denies rumours he's dead
Sean Bean - 1959,Victoria Beckham - 1974,Jennifer Garner - 1972,Eliza Doolittle - 1988,Benjamin Franklin - 1790,Doris Roberts - 2016,2011 - First Episode of Game of Thrones,2013 - Same Sex marriage legalised in New Zealand
David Tennant - 1971,Rosie Huntington Whiteley - 1987,Kourtney Kardashian - 1979,Rick Moranis - 1953,Albert Einstein - 1955,Erasmus Darwin - 1802,1982 - Zimbabwe capital renamed as Harare,2017 - Teresa May announces Snap Election
James Franco - 1978,Maria Sharapova - 1987,Joe Hart - 1987,Hayden Christensen - 1981,Charles Darwin - 1882,Elisabeth Sladen - 2011,2005 - Pope Benedict becomes pope,1770 - James Cook first sees Australia
Andy Serkis - 1964,George Takei - 1937,Felix Baumgartner - 1969,Miranda Kerr - 1983,Victoria Wood - 2016,Bram Stoker - 1912,1611 - First Performance of Macbeth,1992 - Memorial Concert for Freddie Mercury held at wembley stadium
Queen Elizabeth - 1926,James McAvoy - 1979,Gugu Mbatha-Raw - 1983,Steve Backshall - 1973,Prince - 2016,Mark Twain - 1910,2010 - Shrek 4 premieres,2016 - Barack Obama begins 4 day state visit to UK
Jack Nicholson - 1937,Amber Heard - 1986,Louis Smith - 1989,David Luiz - 1987,Richard Nixon - 1994,Erin Moran - 2017,1994 - Largest lollipop ever is made in Denmark,2014 - David Moyes is sacked as Manchester United Manager
William Shakespeare - 1564,John Cena - 1977,Dev Patel - 1990,James Buchanan - 1791,William Shakespeare - 1616,William Hartnell - 1975,1597 - 'The merry wives of windsor' is first performed,1992 - The first McDonalds opens in China
Sachin Tendulkar - 1973,Kelly Clarkson - 1982,Barbra Streisand - 1942,Joe Keery - 1992,Wallis Simpson - 1986,Estee Lauder - 2004,1953 - Winston Churchill Knighted by Elizabeth II,1969 - Paul McCartney announces that he isn't dead
Al Pacino - 1940,Len Goodman - 1974,Renee Zellweger - 1969,Johan Cryuff - 1947,Ginger Rogers - 1995,Tito Vilanova - 2014,1660 - English parliament votes to restore monarchy,1945 - Soviet Army completely surrounds Berlin
Melania Trump - 1970,Channing Tatum - 1980,Roger Taylor - 1960,Jet Li - 1963,Lucille Ball - 1994,Srinivasa Ramanujan - 1920,1954 - Seven Samurai is released in cinema,1755 - First Russian university opens
Patrick Stump - 1984,Jenna Coleman - 1986,Tess Daly - 1969,Ulysses S Grant - 1822,Ferdinand Magellan - 1521,Ruth Handler - 2002,1810 - Beethoven composes fur elise,1961 - Sierra Leone declares independence from UK
Jessica Alba - 1981,Penelope Cruz - 1974,Jay Leno - 1950,Harper Lee - 1926,Benito Mussolini - 1945,Alf Ramsay - 1999,1770 - James Cook lands on Australia for first time,1969 - Charles De Gaulle resigns as president of France
Uma Thurman - 1970,Michelle Pfeiffer - 1958,Kian Egan - 1980,Daniel Day-Lewis - 1957,Alfred Hitchcock - 1980,Albert Hofmann - 2008,2011 - Wedding of Prince William and Kate Middleton,1429 - Joan of Arc arrives at the siege of Orleans
Gal Gadot - 1985,Leigh Francis - 1973,Kirsten Dunst - 1982,Kunal Nayyar - 1981,Adolf Hitler - 1945,Eva Braun - 1945,1789 - George Washington inaugrated as first president of US,1859 - A Tale of Two Cities is published
Joanna Lumley - 1946,Jamie Dornan - 1982,Tim McGraw - 1967,James Murray - 1976,Ayrton Senna - 1994,Joseph Goebbels - 1945,1952 - Mr Potato Head released in stores,2000 - Gladiator premieres in LA
David Beckham - 1975,Dwayne Johnson - 1972,Engelbert Humperdink - 1936,Princess Charlotte - 2015,Leonardo Da Vinci - 1519,Jeff Hanneman - 2013,1945 - Battle of Berlin ends,2011 - Osama Bin Laden is killed by US special forces
Rob Brydon - 1965,Christina Hendricks - 1975,Mary Lambert - 1989,Bing Crosby - 1903,Jackie Cooper - 2011,James McHenry - 1816,1915 - In Flanders Field poem written,1944 - Meat Rationing ends in US
Audrey Hepburn - 1929,Rory McIlroy - 1989,Laura Whitmore - 1985,Will Arnett - 1976,Diana Dors - 1984,Elena Baltacha - 2014,1851 - A quarter of San Francisco destroyed in fire,1979 - Margaret Thatcher becomes fist female prime minister of UK
Adele - 1988,Henry Cavill - 1983,Karl Marx - 1818,Craig David - 1981,Napoleon Bonaparte - 1821,John Flynn - 1951,1912 - 5th Olympic Games open in Stockholm,1944 - Gandhi freed from prison
George Clooney - 1961,Tony Blair - 1953,Dani Alves - 1983,Adrianne Palicki - 1983,Marlene Dietrich - 1992,Edward VII - 1910,1682 - Louis XIV moves his court to Versailles,1941 - Joseph Stalin becomes premier of USSR
Alexander Ludwig - 1992,Pyotr - Ilyich Tchaikovsky - 1840,Michael Rosen - 1946,Sydney Leroux - 1990,Seve Ballesteros - 2011,Max Miller - 1963,1913 - House of Commons rejects women's right to vote,1945 - Unconditional German surrender announced
David Attenborough - 1926,Enrique Iglesias - 1975,Harry S Truman - 1884,Matt Willis - 1983,George Peppard - 1994,William Schallert - 2016,1945 - VE Day,2016 - Sadiq Khan becomes first muslim mayor of London
Billy Joel - 1949,Albert Finney - 1936,Rosario Dawson - 1979,Danny Duncan - 1986,Lena Horne - 2010,Vidal Sassoon - 2012,2005 - The Huffington Post is launched,2009 - Jacob Zuma becomes South African President
Bono - 1960,Fred Astaire - 1899,Dennis Bergkamp - 1969,Adebayo Akinfenwa - 1982,Louis XV - 1774,Joan Crawford - 1977,1503 - Columbus discovers Cayman Islands,2014 - Conchita Wurst wins Eurovision song contest for Austria
Salvador Dali - 1904,Pam Ferris - 1948,Holly Valance - 1983,Andres Iniesta - 1984,John Cadbury - 1889,Bob Marley - 1981,1858 - Minnesota becomes 23rd state,2010 - David Cameron becomes prime minister of UK
Domhnall Gleeson - 1983,Florence Nightingale - 1820,Rami Malek - 1981,Tony Hawk - 1968,Perry Como - 2001,Robert Reed - 1992,1870 - Manitoba becomes 5th province of Canada,1994 - Pulp Fiction premieres at Cannes film festival
Robert Pattinson - 1986,Iwan Rheon - 1985,Romelu Lukaku - 1993,Richard Madeley - 1956,Gary Cooper - 1961,Donald Dunn - 2012,1884 - IEEE forms in New York,2012 - Man City win premier league title
George Lucas - 1944,Cate Blanchett - 1969,Mark Zuckerberg - 1984,Olly Murs - 1984,Frank Sinatra - 1998,BB King - 2015,2013 - Brazil legalises same sex marriage,2013 - Dan Brown releases 4th book in Da Vinci Code series - titled Inferno
Andy Murray - 1987,Zara Phillips - 1981,Sarah Hadland - 1971,Ousmane Dembele - 1997,Emily Dickinson - 1886,Ian Brady - 2017,2004 - Shrek 2 premieres at Cannes film festival,2005 - Star Wars Episode 3 premieres at Cannes film festival
Thomas Brodie Sangster - 1990,Pierce Brosnan - 1953,Janet Jackson - 1966,Megan Fox - 1986,Chuck Brown - 2012,Margaret Hamilton - 1985,1991 - Elizabeth II becomes first  monarch to address US congress,2011 - SS Endeavour launches on its final voyage into space
Matt Ryan - 1985,Bob Saget - 1956,Bill Paxton - 1955,Passenger - 1984,Chris Cornell - 2017,Guy Clark - 2016,2009 - Minecraft first released,2006 - Barcelona beats Arsenal in Champions League Final
Chow Yun Fat - 1955,Pope John Paul II - 1920,Tina Fey - 1970,Jack Johnson - 1975,Ian Curtis - 1980,Gustav Mahler - 1911,1995 - Braveheart premieres at Seattle film festival,2001 - Shrek is released in cinemas
Sam Smith - 1992,Andrea Pirlo - 1979,Peter Mayhew - 1944,Eleanor Tomlinson - 1992,Alan Young - 2016,Morley Safer - 2016,1999 - Star Wars: The Phantom Menace released in cinemas,2012 - Chelsea win Champions League for the first time
Jack Gleeson - 1992,Chris Froome - 1985,Iker Casillas - 1981,Petr Cech - 1982,Christopher Columbus - 1506,John Petwee - 1996,1609 - Shakespeare's sonnets are published for the first time,2017 - Donald Trump begins his first overseas trip as president
Tom Daley - 1994,Mr. T - 1952,Noel Fielding - 1973,Gotye - 1980,Jane Addams - 1935,Phineas Gage - 1860,1980 - Star Wars: The Empire strikes back opens in cinemas,2008 - Man United beat Chelsea on penalties to win Champions League
Novak Djokovic - 1987,George Best - 1946,Morrissey - 1959,Naomi Campbell - 1970,Nicky Hayden - 2017,Dina Merrill - 2017,2017 - Terrorist attack at manchester arena kills 22,1985 - A View to a kill premieres in San Francisco
Joan Collins - 1933,Melissa McBride - 1965,Jason Nash - 1973,Linden Ashby - 1960,Roger Moore - 2017,Anne Meara - 2015,1984 - Indiana Jones and the temple of doom opens in cinemas,1994 - Final episode of Star Trek: The next greneration airs
Queen Victoria - 1819,Dermot O'Leary - 1973,John C.Reilly - 1965,Eric Cantona - 1966,Copernicus - 1543,Harold Wilson - 1995,1902 - Empire Day first celebrated ,2017 - Man United win Europa League - beating Ajax 2-0
Mike Myers - 1953,Ian McKellen - 1939,Cillian Murphy - 1976,Esme Bianco - 1982,Gustav Holst - 1934,Sloan Wilson - 2003,2017 - Wonder Woman premieres in Los Angeles,2005 - 'Miracle in Istanbul' Liverpool win Champions league after being 3-0 down
Helena Bonham Carter - 1966,Lenny Kravitz - 1964,John Wayne - 1907,Jeremy Corbyn - 1949,Samuel Pepys - 1703,Eddie Albert - 2005,1940 - Evacuation of Dunkirk begins,1969 - Apollo X astronauts return to earth
Jamie Oliver - 1975,Christopher Lee - 1922,Cilla Black - 1943,Paul Bettany - 1971,Bill Pertwee - 2013,Gregg Allman - 2017,1941 - German ship 'Bismarck' sunk by british navy,2017 - Arsenal beat Chelsea to win FA Cup
Kylie Minogue - 1968,Kyle Walker - 1990,Carey Mulligan - 1985,Marco Rubio - 1971,Maya Angelou - 2014,Edward VIII - 1972,2016 - Harambe is shot by zookeepers,1937 - Neville Chamberlain becomes prime minister of Britain
John F Kennedy - 1917,Mel B - 1975,Noel Gallagher - 1967,Laverne Cox - 1972,Dennis Hopper - 2010,Jeff Buckley - 1997,1848 - Wisconsin becomes 30th state,2015 - Jurassic World premieres in Paris
Steven Gerrard - 1980,CeeLo Green - 1974,Mark Sheppard - 1964,Idina Menzel - 1971,Joan of Arc - 1431,Wilbur Wright - 1912,1381 - English peasants revolt begins in Essex,2015 - Alistair Cook becomes England's leading test run scorer
Clint Eastwood - 1930,Colin Farrell - 1976,John Prescott - 1938,Reggie Yates - 1983,Joseph Haydn - 1809,Joan Stapleton - 2013,2004 - Harry Potter and the Prisoner of Azkaban released in cinemas,2014 - Gangnam Style becomes first video to reach 2 billion views on youtube
Tom Holland - 1996,Heidi Klum - 1973,Amy Schumer - 1981,Sarah Wayne Callies - 1977,James Buchanan - 1868,Yves Saint Laurent - 2008,2007 - Smoking is banned from public places in UK,1979 - First black government takes power in Rhodesia (Zimbabwe)
Zachary Quinto - 1977,Dominic Cooper - 1978,Sergio Aguero - 1988,Steve Smith - 1989,Peter Sallis - 2017,Richard Dawson - 2012,2017 - US withdraws from Paris Climate Agreement,1989 - Dead Poets Society premieres
Rafael Nadal - 1986,Michelle Keegan - 1987,Mario Gotze - 1992,Penelope Wilton - 1946,Muhammed Ali - 2016,William Harvey - 1657,1944 - Nazis pull out of Rome,2014 - Hashim Amla becomes first non white South African cricket captain
Russell Brand - 1975,Bradley Walsh - 1960,Sean Pertwee - 1964,Mollie King - 1987,Jane Seymour - 1536,Roger Smith - 2017,1896 - Henry Ford drives first ford motorcar on the road,2017 - OneLove Manchester concert in support of victims of terror attack
Mark Wahlberg - 1971,Pete Wentz - 1979,Joe Gatto - 1976,Kenny G - 1956,Ronald Reagan - 2004,Cheick Tiote - 2017,1944 - Allied forces take Rome,2016 - Novak Djokovic completes 'career slam' by winning french open
Jason Isaacs - 1963,Paul Giamatti - 1967,Ross MacDonald - 1989,Ayden Callaghan - 1981,Kimbo Slice - 2016,Jack Haley - 1979,1944 - Allied forces land on Normandy beaches,1999 - 345 prisoners escape in largest jailbreak ever in Brazil
Liam Neeson - 1952,Prince - 1958,Tom Jones - 1940,Bear Grylls - 1974,Christopher Lee - 2015,Alan Turing - 1954,2016 - Harry Potter and the Cursed Child opens in London,2015 - 41st G7 summit held in Germany
Kanye West - 1977,Joel Dommett - 1985,Bonnie Tyler - 1951,Joan Rivers - 1933,Andrew Jackson - 1845,Glenne Headly - 2017,2017 - UK general election results in hung parliament,1984 - Ghostbusters is released in cinemas
Johnny Depp 1963,Natalie Portman - 1981,Michael J Fox - 1961,Miroslav Klose - 1978,Charles Dickens - 1870,Rik Mayall - 2014,2017 - Venus Williams causes death of passenger in car crash,1940 - Norway surrenders to the nazis
Prince Phillip - 1921,Kate Upton - 1992,Judy Garland - 1922,Liz Hurley - 1965,Antoni Gaudi - 1926,Ray Charles - 2004,1947 - Saab produces its first car,2007 - Final episode of the sopranos airs on television
Shia Labeouf - 1986,Peter Dinklage - 1969,Hugh Laurie - 1959,Gene Wilder - 1933,John Wayne - 1979,Dusty Rhodes - 2015,1993 - Jurassic Park opens in cinemas,1978 - Grease opens in cinemas
Dave Franco - 1985,Anne Frank - 1929,Richard Ayoade - 1977,George Bush Sr - 1924,Gregory Peck - 2003,Ruby Dee - 2014,1926 - Brazil leaves League of Nations,1964 - Nelson Mandela is sentenced to life in prison
Chris Evans - 1981,Aaron Taylor Johnson - 1990,Kym Marsh - 1976,Stellan Skarsgard - 1951,Jimmy Dean - 2010,Benny Goodman - 1986,2000 - Samuel L Jackson gets a star on Hollywood walk of fame,2008 - Viva La Vida released by coldplay
Donald Trump - 1946,Boy George - 1961,Alan Carr - 1976,Paul O'Grady - 1955,Emmeline Pankhurst - 1928,Benedict Arnold - 1801,1942 - Bambi released in cinemas,2005 - Asafa Powell breaks 100m world record - running 9.77s
Neil Patrick Harris - 1973,Xi Jinping - 1953,Courteney Cox - 1964,Mo Salah - 1992,James K Polk - 1849,James Hunt - 1993,2005 - Batman Begins opens in cinemas,1997 - Naomi Campbell hospitalised after drug overdose
John Newman - 1990,Jurgen Klopp - 1967,Phil Mickleson - 1970,Stan Laurel - 1890,Jo Cox - 2016,Lady Diana Cooper - 1986,2016 - MP Jo Cox is murdered - the first MP to be killed since 1990,1960 - Psycho - directed by Alfred Hitchcock - opens in cinemas
Barry Mannilow - 1943,Arthur Darvill - 1982,Venus Williams - 1980,Kendrick Lamar - 1987,Ron Lester - 2016,Jeff Chandler - 1961,1938 - Japan declares war on China,1950 - first kidney transplant takes place
Paul McCartney - 1942,Richard Madden - 1986,Delia Smith - 1941,Willa Holland - 1991,Peter Allen - 1992,Libby Holman - 1971,1815 - Battle of Waterloo,1970 - Conservatives - lead by Ted Heath - win election
Boris Johnson - 1964,Macklemore - 1983,Aidan Turner - 1983,Hugh Dancy - 1975,Anton Yelchin - 2016,James Gandolfini - 2013,1917 - British Royal Family changes surname to Windsor,1991 - Pablo Escobar arrested
Lionel Richie - 1949,Nicole Kidman - 1967,Frank Lampard - 1978,John Goodman - 1952,Jack Kilby - 2005,Albert Johnson - 2017,1837 - Queen Victoria becomes queen - aged 18,1867 - US purchases Alaska from Russia
Chris Pratt - 1979,Prince William - 1982,Brandon Flowers - 1981,David Morrissey - 1964,John Smith - 1631,Carroll O'Connor - 2001,2003 - Harry Potter and the Order of the Pheonix is published,1547 - Fires in Moscow kill 2000-3000
Meryl Streep - 1949,Danny Baker - 1958,Dan Brown - 1964,Jo Cox - 1974,Judy Garland - 1969,Fred Astaire - 1987,1675 - Royal Observatory established,1982 - Prince William bought home from hospital by his parents
Alan Turing - 1912,Melissa Rauch - 1980,Jason Mraz - 1977,Zinedine Zidane - 1972,Chuck Taylor - 1969,Peter Falk - 2001,1955 - Lady and the Tramp is released,1975 - Alice Cooper breaks 6 ribs after falling off stage
Lionel Messi - 1987,Solange Knowles - 1986,Iain Glen - 1961,Stuart Broad - 1986,Grover Cleveland - 1908,Chris Benoit - 2007,2016 - UK votes to leave the EU,2006 - Pirates of the Carribean: Dead mans chest becomes fastest film to gross 1bn dollars
George Michael - 1963,Ricky Gervais - 1961,Sheridan Smith - 1981,Jamie Redknapp - 1973,Michael Jackson - 2009,James Stirling - 1992,1947 - Anne Frank's diary published in Netherlands,1982 - Blade Runner is released in cinemas
Ariana Grande - 1993,Ryan Tedder - 1979,Chris O'Donnell - 1970,Paolo Maldini - 1968,Denis Thatcher - 2003,David Davis - 1886,1945 - United Nations charter signed by 50 countries,1977 - Elvis Presley performs for the last time in his career
JJ Abrams - 1966,Sam Claflin - 1986,Matthew Lewis - 1989,Chandler Riggs - 1999,Michael Bond - 2017,Jack Lemmon - 2001,1944 - Cherbourg captured by Allied forces,2007 - Tony Blair resigns as UK Prime Minister - Gordon Brown becomes PM
Henry VIII - 1491,Elon Musk - 1971,Kathy Bates - 1948,Tamara Eccleston - 1981,James Madison - 1836,Franz Ferdinand - 1914,1914 - Assassination of Franz Ferdinand - triggering events which lead to WW1,1982 - Prince Charles and Princess Diana name first son William
Nicole Scherzinger - 1978,Katherine Jenkins - 1978,George Sampson - 1993,Sam Bailey - 1977,Katharine Hepburn - 2003,Jayne Mansfield - 1967,1613 - Globe Theatre burns down,2008 - Spain beats Germany 1-0 to win Euro 2008
Mike Tyson - 1966,Cheryl - 1983,Michael Phelps - 1985,Lizzy Caplan - 1982,Alfredo Ferrari - 1956,James Oglethorpe - 1785,1934 - Night of the Long Knives consolidates Hitler's hold on Germany,2005 - Spain legalises same sex marriage
Princess Diana - 1961,Pamela Anderson - 1967,Liv Tyler - 1977,Carl Fogarty - 1965,Marlon Brando - 2004,Stevie Ryan - 2017,1916 - Coca Cola creates new recipe which is still current recipe,2012 - Spain beat Italy 4-0 to win Euro 2012
Margot Robbie - 1990,Peter Kay - 1973,Lindsay Lohan - 1986,Tom Zanetti - 1989,Nostradamus - 1566,Ernest Hemingway - 1961,1940 - Hitler orders invasion of Britain,1998 - Harry Potter and the chamber of secrets published
Tom Cruise - 1962,Olivia Munn - 1980,Sebastien Vettel - 1987,Julian Assange - 1971,Andy Griffith - 2012,Louis Zamperini - 2014,1890 - Idaho becomes 43rd state,1954 - Food rationing ends in Britain
Calvin Coolidge - 1872,Neil Morrissey - 1962,Ronni Ancona - 1968,Henri Leconte - 1963,Thomas Jefferson - 1826,Madame Curie - 1934,1776 - US makes declaration of Independence,2006 - Richard Branson sells virgin mobile for £962.4 million
Shane Filan - 1979,Glen Power - 1978,Jason Dolley - 1981,Gianfranco Zola - 1966,Ted Williams - 2002,Don Nicholl - 1980,1994 - Amazon is founded ,2017 - Volvo announces it will make all new models hybrid or electric power
Kevin Hart - 1979,50 Cent - 1975,Sylvester Stallone - 1946,George W Bush - 1946,Louis Armstrong - 1971,Edward VI - 1553,2016 - Pokemon Go is released,2013 - British and Irish Lions win first test series since 1997
Ringo Starr - 1940,Jack Whitehall - 1988,Jeremy Kyle - 1965,Mahendra Singh Dhoni - 1981,Arthur Conan Doyle - 1930,Bradley Lowery - 2017,2013 - Andy Murray becomes first british man since 1936 to win Wimbledon,2011 - Harry Potter and the Deathly Harrows part 2 premieres in London
Kevin Bacon - 1958,Jaden Smith - 1998,Angelica Huston - 1951,Wolfgang Puck - 1949,Kim Il Sung - 1994,June Allyson - 2006,2015 - New York Stock Exchange stops trading due to technical error,1999 - Harry Potter and the Prisoner of Azkaban published
Tom Hanks - 1956,OJ Simpson - 1947,Douglas Booth - 1992,Georgie Henley - 1995,Zachary Taylor - 1850,Alice Paul - 197,1979 - Voyager 2 flies past Jupiter,2011 - South Sudan declares independence - becoming newest country in world
Sofia Vergara - 1972,Nikola Tesla - 1856,Jessica Simpson - 1980,Perrie Edwards - 1993,Omar Sharif - 2015,John Sutton - 1963,1892 - Wyoming becomes 44th state,1975 - Graham Gooch out for a pair on test debut
Craig Charles - 1964,Giorgio Armani - 1934,John Quincy Adams - 1767,Nina Nesbitt - 1994,Saturo Iwata - 2015,Laurence Olivier - 1989,1533 - Henry VIII excommunicated by Pope Clement VII,2007 - Harry Potter and the Order of the Pheonix opens in cinemas
Michelle Rodriguez - 1978,James Rodriguez - 1991,Topher Grace - 1978,Luke Shaw - 1995,Alexander Hamilton - 1804,Benny Carter - 2003,2013 - Malala Yousafzai addresses UN and calls for education for all,1998 - France beat Brazil 3-0 to win world cup
Harrison Ford - 1942,Patrick Stewart - 1940,Ken Jeong - 1969,Francis Drake - 1540,Cory Monteith - 2013,George Steinbrenner - 2010,1837 - Queen Victoria moves into Buckingham Palace,2016 - Theresa May becomes PM after winning conservative leadership election
Conor McGregor - 1988,Dan Smith - 1986,Gerald Ford - 1913,David Mitchell - 1974,Clarence White - 1973,James Henry - 1876,2014 - Church of England votes to allow women bishops,2008 - The Dark Knight premieres in New York
Olly Alexander - 1990,Diane Kruger - 1976,Forest Whitaker - 1961,Robert Winston - 1940,Martin Landau - 2017,Lawrence Tibbett - 1960,2017 - Garbine Muguruza beats Venus Williams to win Wimbledon title,1988 - Die Hard is released in the US
Will Ferrell - 1967,Gareth Bale - 1989,Luke Hemmings - 1996,WizKid - 1990,Anne of Cleeves - 1557,George A Romero - 2017,1920 - China joins League of Nations,1969 - Apollo XI launched
Angela Merkel - 1954,David Hasselhoff - 1952,Tom Fletcher - 1985,Gino D'Acampo - 1976,Jules Bianchi - 2015,Ted Heath - 2005,1995 - Bill Gates announced as richest man in world,2015 - Ant Man released in cinemas
Nelson Mandela - 1918,Vin Diesel - 1967,Richard Branson - 1950,Saul Alvarez - 1990,Jane Austen - 1817,Thomas Cook - 1892,2012 - Kim Jong Un officially becomes leader of North Korea,1925 - Hitler publishes Mein Kampf
Benedict Cumberbatch - 1976,Brian May - 1947,Nicola Sturgeon - 1970,Helen Skelton - 1983,James Garner - 2014,Gerry Marshall - 2016,1545 - Mary Rose sinks - kiling 73,1940 - Hitler demands that Great Britain surrender
Chris Cornell - 1964,Anton Du Beke - 1966,Judy Greer - 1975,Diana Rigg - 1938,Chester Bennington - 2017,Bruce Lee - 1973,1837 - London Euston station opens,2005 - Canada legalises same sex marriage
Robin Williams - 1951,Paloma Faith - 1981,Rebecca Ferguson - 1986,Josh Hartnett - 1978,John Heard - 2017,Basil Rathbone - 1967,1969 - Neil Armstrong takes first step on the moon,2007 - Harry Potter and the Deathly Hallows published - sells 11m copies in 24 hours
Willem Dafoe - 1955,Selena Gomez - 1992,Ben Barlow - 1994,Blake Harrison - 1985,Estelle Getty - 2008,Dennis Farina - 2013,1992 - Pablo Escobar escapes from prison,2012 - Bradley Wiggins becomes Britain's first winner of Tour De France
Daniel Radcliffe - 1989,Woody Harrelson - 1961,Philip Seymour Hoffman - 1967,Slash - 1965,Amy Winehouse - 2011,Ulysses S Grant - 1885,1798 - Napoleon captures Alexandria in Egypt,1958 - First 4 women admitted into house of Lords
Jennifer Lopez - 1969,Danny Dyer - 1977,Rose Byrne - 1979,Anna Paquin - 1982,Alex Higgins - 2010,Peter Sellers - 1980,1567 - Mary Queen of Scots abdicates,1969 - Apollo XI returns to Earth
Matt LeBlanc - 1967,Toni Duggan - 1991,James Lafferty - 1985,Ali Carter - 1979,Barbara Sinatra - 2017,Harry Warner - 1958,2012 - Summer Olympics begin in London,1943 - Mussolini sacked as leader of Italy and arrested
Kate Beckinsale - 1973,Sandra Bullock - 1964,Stormzy - 1993,Mich Jagger - 1943,George W Romney - 1995,Bobbi Kristina Brown - 2015,1865 - Capital of NZ changes from Auckland to Wellington,1945 - Clement Attlee becomes PM 
Nikolaj Coster-Waldau - 1970,Jonathan Rhys Meyers - 197,Maya Rudolph - 1972,Jordan Spieth - 1993,Bob Hope - 2003,Sam Shepard - 2017,2012 - Official opening of London Olympics,1643 - Battle of Gainsborough won by Oliver Cromwell
Harry Kane - 1993,Cher Lloyd - 1993,Garfield Sobers - 1936,Brad Simpson - 1995,JS Bach - 1750,Charlie Gard - 2017,1914 - Beginning of World War 1,1951 - Alice in Wonderland released
Joey Essex - 1990,Wil Wheaton - 1972,Tim Gunn - 1953,Fernando Alonso - 1981,Vincent Van Gogh - 1890,Jimmy Nelson - 2007,1907 - Robert Baden Powell froms the Boy Scouts,1954 - Fellowship of the ring by JRR Tolkein is published
Arnold Schwarzenegger - 1947,Lisa Kudrow - 1963,Henry Ford - 1863,Hilary Swank - 1974,Otto Van Bismarck - 1889,William Penn - 1718,1966 - England win world cup - beating Germany 4-2 in final,2006 - Top of the Pops airs for the final time
J.K. Rowling - 1965,Wesley Snipes - 1962,Richard Griffiths - 1947,Antonio Conte - 1969,Bobby Robson - 2009,Jim Reeves - 1964,1498 - Christopher Columbus discovers Trinidad,2016 - Harry Potter and the Cursed Child is published
Jack O'Connell - 1990,Jason Momoa - 1979,Van McCann - 1992,Bastian Schweinsteiger - 1984,Francis Gary Powers - 1977,Calamity Jane - 1903,1936 - Hitler opens 11th Olympic Games,1991 - Diego Maradona announces his retirement
Sam Worthington - 1976,Jonas Blue - 1989,Charli XCX - 1992,Peter O'Toole - 1932,Alexander Graham Bell - 1922,Cilla Black - 2015,1718 - Austria joins Triple Alliance,1819 - first parachute jump
Tom Brady - 1977,Martha Stewart - 1941,Evangeline Lilly - 1979,Terry Wogan - 1938,Robert Hardy - 2017,Carolyn Jones - 1983,1492 - Christopher Columbus departs on his first voyage,1934 - Hitler declares himself fuhrer
Barack Obama - 1961,Louis Armstrong - 1900,Meghan Markle - 1981,Lee Mack - 1968,Eddie Condon - 1973,Hans Christian Andersen - 1875,1944 - Anne Frank and family arrested in Amsterdam,1956 - Elvis Presley released Hound Dog
Neil Armstrong - 1930,Louis Walsh - 1952,Wayne Bridge - 1980,Janet McTeer - 1961,Alec Guinness - 2000,Marilyn Monroe - 1962,1305 - William Wallace captured by the English ,1926 - Houdini stays in coffin for 1.5 hours underwater
Geri Haliwell - 1972,Barbara Windsor - 1937,Andy Warhol - 1928,Spencer Matthews - 1989,Rick James - 2004,John Hughes - 2009,1945 - First Atomic Bomb is dropped on Hiroshima - killing 40 -000 people,1991 - Tim Berners Lee announces plans for World Wide Web
Charlize Theron - 1975,Josh Franceschi - 1990,Melanie Sykes - 1970,Helen Flanagan - 1990,Mary Trump - 2000,Oliver Hardy - 1957,1914 - Your country needs you posters distributed across UK,1983 - First world Athletics Championships
Shawn Mendes - 1998,Dustin Hoffman - 1937,Chris Eubank - 1966,Roger Federer - 1981,Glen Campbell - 2017,Patricia Neal - 2010,1979 - Saddam Hussein has 22 political opponents killed,2008 - Olympic Games open in Beijing
Eric Bana - 1968,Gillian Anderson - 1968,Anna Kendrick - 1985,Whitney Houston - 1963,Bernie Mac - 2008,Sharon tate - 1969,1945 - Second Atomic bomb is dropped on Nagasaki - killing 80 -000 people,1936 - Black Athlete Jesse Owens wins 4th medal at Olympic Games
Antonio Banderas - 1960,Roy Keane - 1971,Lucas Till - 1990,Kylie Jenner - 1997,Isaac Hayes - 2008,John Saunders - 2016,1821 - Missouri becomes 21st state,1966 - First lunar orbiter launched by US
Chris Hemsworth - 1983,Hulk Hogan - 1953,Enid Blyton - 1897,Steve Wozniak - 1950,Robin Williams - 2014,Peter Cushing - 1994,1919 - Weimar republic begins ,1977 - Geoffrey Boycott scores 100th first class 100
Cara Delevigne - 1992,Casey Affleck - 1975,Tyson Fury - 1988,Mario Balotelli - 1990,Les Paul - 2009,Ian Fleming - 1964,1908 - Ford builds Model T,2012 - Olympic Games close in London
Sebastien Stan - 1982,Alfred Hitchcock - 1899,Alan Shearer - 1970,Phil Taylor - 1960,Florence Nightingale - 1910,Kenny Baker - 2016,2016 - Michael Phelps swims his final race,1997 - first episode of south park airs
Halle Berry - 1966,Nick Grimshaw - 1984,Paddy McGuinness - 1973,Mila Kunis - 1983,Enzo Ferrari - 1988,Shammi Kapoor - 2011,1947 - Pakistan gains independence from Inda and Britain- ,1948 - Don Bradman out for a duck in his final innings
Ben Affleck - 1972,Jennifer Lawrence - 1990,Joe Jonas - 1989,Napoleon Bonaparte - 1769,Julian Bond - 2015,Will Rogers - 1935,1945 - Surrender of Japan is announced,2015 - North Korea creates its own time zone at GMT+8.5
Steve Carrell - 1962,Madonna - 1958,James Cameron - 1954,Evanna Lynch - 1991,John Pemberton - 1888,JP McCarthy - 1995,2012 - Julian Assange is granted political asylum in the Ecuadorian embassy,2008 - Usain Bolt sets 100m world record
Robert De Niro - 1943,Sean Penn - 1960,Lady Colin Campbell - 1949,Thierry Henry - 1977,Ira Gershwin - 1983,Vivian Vance - 1979,1946 - George Orwell publishes Animal Farm,1979 - The life of Brian premieres
Andy Samberg - 1978,Patrick Swayze - 1952,Edward Norton - 1969,Mika - 1983,Bruce Forsyth - 2017,Scott McKenzie - 2012,2017 - Stephen Bannon fired as White House chief strategist,1969 - Mick Jagger accidentally shot
Bill Clinton - 1946,Matthew Perry - 1969,Coco Chanel - 1883,John Deacon - 1951,Groucho Marx - 1977,Caesar Augustus - 14BC,1897 - First electric taxis drive in London,1909 - Indy 500 race track opens
Demi Lovato - 1992,Andrew Garfield - 1983,David Walliams - 1971,Misha Collins - 1974,Jerry Lewis - 2017,Tom Searle - 2016,1940 - Churchill makes 'never in the field of human conflict' speech,2015 - 30 students injured in mass pillow fight at West Point Military Academy
Usain Bolt - 1986,Kim Cattrall - 1956,Kenny Rogers - 1938,Robert Lewandowski - 1988,Leon Trotsky - 1940,Ettore Bugatti - 1947,1959 - Hawaii becomes 50th state,2017 - Big Ben bongs for last time before restoration work begins
James Corden - 1978,Ty Burrell - 1967,Kristen Wiig - 1973,Richard Armitage - 1971,Richard III - 1485,Johnny Carey - 1995,1945 - Vietnam War begins ,2015 - World Athletics Championships open in Beijing
Gene Kelly - 1912,Kobe Bryant - 1978,Scott Caan - 1976,Rick Springfield - 1949,Jerry Nelson - 2012,David Rose - 1990,1996 - Osama Bin Laden declares war against America,2011 - Colonel Gaddafi overthrown as leader of Libya
Rupert Grint - 1988,Steven Fry - 1957,Kenny Baker - 1934,Jared Harris - 1961,Richard Attenborough - 2014,Jay Thomas - 2017,1891 - Thomas Edison patents motion picture camera,2009 - First episode of Pointless airs 
Blake Lively - 1987,Tim Burton - 1958,Sean Connery - 1930,Tom Hollander - 1967,Neil Armstrong - 2012,Truman Capote - 1984,1921 - US signs peace treaty with Germany,1718 - French Colonists found New Orleans
Chris Pine - 1980,Melissa McCarthy - 1970,Macaulay Culkin - 1980,Mother Teresa - 1910,Ted Knight - 1986,Tobe Hooper - 2017,1939 - Belgium mobilises troops ready for war with Germany,2017 - Peace march in Barcelona following terror attacks
Aaron Paul - 1979,Lyndon B Johnson - 1908,Don Bradman - 1908,Dietmar Hamann - 1973,John Laurens - 1782,Rowland Hill - 1879,1813 - Napoleon defeats Austrian army in battle of Dresden,1955 - first Guinness Book of World Records published
Jack Black - 1969,Shania Twain - 1965,Florence Welch - 1986,Armie Hammer - 1986,Juan Gabriel - 2016,James Wilson - 1798,1884 - First photograph of tornado is taken,1939 - Netherlands mobilises troops ready for war with Germany
Michael Jackson - 1958,Liam Payne - 1993,John McCain - 1936,Richard Attenborough - 1923,Gene Wilder - 2016,Ingrid Bergman - 1982,1640 - Charles I signs peace treaty with Scotland,2014 - Ebola outbreak reaches Senegal
Cameron Diaz - 1972,Angel Coulby - 1980,Mary Shelley - 1797,Ryan Ross - 1986,Wes Craven - 2015,Charles Bronson - 2003,1850 - Honolulu becomes a city,1941 - Churchill approves a nuclear programme
Richard Gere - 1949,Cel Spellman - 1995,Dee Bradley Baker - 1962,Chris Tucker - 1971,Princess Diana - 1997,Rocky Marciano - 1969,1962 - Trinidad and Tobago gain independence from Britain,2016 - Brazil government votes to impeach Dilma Rousseff
Rocky Marciano - 1923,Gael Monfils - 1986,Dr Phil McGraw - 1950,Barry Gibb - 1946,William Clark - 1838,Jerry Reed - 2008,1939 - Britain declares war on Germany after invasion of Poland,2013 - Gareth Bale moves from Spurs to Real Madrid for record transfer fee
Keanu Reaves - 1964,Salma Hayek - 1966,Zedd - 1989,Mark Harmon - 1951,JRR Tolkein - 1973,Ho Chi Minh - 1969,1898 - First machine gun used in battle,2015 - Barack Obama becomes first US president to go to the Arctic
Charlie Sheen - 1965,Fearne Cotton - 1981,Omi - 1986,RedFoo - 1975,Oliver Cromwell - 1658,Michael Clarke Duncan - 2012,1189 - Richard I crowned king of England,2013 - Microsoft purchase Nokia for $7.2B
Beyonce - 1981,James Bay - 1990,Mark Ronson - 1975,Wes Bentley - 1978,Steve Irwin - 2006,Joan Rivers - 2014,1893 - Beatrix Potter writes the story of Peter Rabbit,1998 - Google founded by Larry Page and Sergey Brin
Freddie Mercury - 1946,Michael Keaton - 1951,Carice Van Houten - 1976,Johnny Vegas - 1970,Mother Teresa - 1997,Simone Battle - 2014,1991 - Nelson Mandela becomes preisdent of African Nation Congress,1958 - Doctor Zhivago published in US
Idris Elba - 1972,Pippa Middleton - 1983,Mat Horne - 1978,Jeff Foxworthy - 1958,Pavarotti - 2007,Len Hutton - 1990,1651 - Charless II spends day hiding in tree after losing battle of Worcester,1916 - First supermarket opens in Memphis - Tennessee
Queen Elizabeth I - 1533,Toby Jones - 1966,Dean Charles Chapman - 1997,Gloria Gaynor - 1949,Keith Moon - 1978,Hannah More - 1833,2013 - Tony Abbott becomes Prime Minister of Australia,2006 - Borat premieres at Toronto film festival
P!nk - 1979,Bernie Sanders - 1941,Avicii - 1989,Gaten Matarazzo - 2002,Troy Gentry - 2017,Don Williams - 2017,1986 - First Episode of 'Oprah' airs in US,1966 - First episode of Star Trek airs on television
Michael Buble - 1975,Adam Sandler - 1966,Hugh Grant - 1960,Colonel Sanders - 1890,Chairman Mao - 1976,Jack Warner - 1978,1543 - Mary Queen of Scots becomes queen aged 9 months,1945 - First 'bug' is discovered to be a moth trapped inside a computer
Colin Firth - 1960,Bill O'Reilly - 1949,Laurent Koscielny - 1985,Arnold Palmer - 1929,Cliff Robertson - 2011,Jane Wyman - 2007,1939 - Canada declares war on Germany,2015 - Peter Robinson resigns as first minister of Northern Ireland
Kygo - 1991,Moby - 1965,Elizabeth Henstridge - 1987,Bashar Al-Assad - 1965,Alexis Arquette - 2016,John Ritter - 2003,2001 - Two passenger planes fly into World Trade Centre in New York,1789 - Alexander Hamilton appointed 1st secretary of the treasury
Paul Walker - 1973,Louis CK - 1967,Hans Zimmer - 1957,Barry White - 1944,Johnny Cash - 2003,Ian Paisley - 2014,1940 - Italian troops invade Egypt,2015 - Jermey Corbyn elected leader of labour party
Roald Dahl - 1916,Niall Horan - 1993,Michael Johnson - 1967,Shane Warne - 1969,Tupac - 1996,Brian Close - 2015,122 - Building begins on Hadrian's wall,2005 - Supernatural first airs on television
Andrew Lincoln - 1973,Ashley Roberts - 1981,Sam Neill - 1947,Amy Winehouse - 1983,Grace Kelly - 1982,Patrick Swayze - 2009,2003 - Sweden rejects adopting the euro,2003 - Estonia votes to join European Union
Prince Harry - 1984,Tom Hardy - 1977,Marco Polo - 1254,Jimmy Carr - 1972,Harry Dean Stanton - 2017,Violet Brown - 2017,1835 - HMS Beagle reaches Galapagos Islands,1928 - Alexander Fleming discovers Penicillin
Amy Poehler - 1971,Flo Rida - 1979,BB King - 1925,Micky Rourke - 1952,Marc Bolan - 1977,James II - 1701,2001 - George W Bush declares War on Terror,1997 - Steve Jobs named CEO of Apple
Baz Luhrmann - 1962,Anastacia - 1968,Ella Purnell - 1996,Tomas Berdych - 1985,Charmian Carr - 2016,Red Skelton - 1997,1940 - Nazis announce that jews aren't allowed possessions,1954 - Lord of the flies published
Jada Pinkett Smith - 1971,Lance Armstrong - 1971,Jason Sudekis - 1975,James Marsden - 1973,Jimi Hendrix - 1970,Leonhard Euler - 1783,1934 - Soviet Union joins league of nations,1990 - Liechtenstein becomes memer of United Nations
Jimmy Fallon - 1974,Adam West - 1928,Skepta - 1982,Jeremy Irons - 1948,Jackie Collins - 2015,James A Garfield - 1881,1944 - Luftwaffe bombs dutch city of Eindhoven - over 200 killed,2005 - First episode of How I met your Mother airs on television
Jon Bernthal - 1976,George RR Martin - 1948,Jo Pavey - 1973,Henrik Larson - 1971,Brian Clough - 2004,Jean Sibelius - 1957,1860 - Prince Edward becomes first member of royal family to travel to US,1985 - Disney World welcomes it's 200 millionth guest
Stephen King - 1947,Bill Murray - 1950,Liam Gallagher - 1972,Doc Brown - 1980,Shawty Lo - 2016,Jaco Pastorius - 1987,1964 - Malta gains independence from Britain,1937 - The hobbit is published
Tom Felton - 1987,Billie Piper - 1982,Tatiana Maslany - 1985,Sue Perkins - 1969,Guru Nanak - 1539,Marcel Marceau - 2007,1896 - Queen Victoria becomes longest reigning monarch,1989 - Baywatch first airs on television
Bruce Springsteen - 1949,Karl Pilkington - 1972,Cherie Blair - 1954,Yvette Fielding - 1968,Sigmund Freud - 1939,Pablo Neruda - 1973,1974 - BBC Ceefax starts operating,1994 - Shawshank redemption opens in cinemas
Ben Platt - 1993,Ian Bohen - 1976,Owen Farrell - 1991,Coleen Garcia - 1992,Dr Seuss - 1991,Bill Nunn - 2016,1952 - first KFC restaurant opens in Salt Lake City,1957 - Camp Nou opens in Barcelona
Will Smith - 1968,Mark Hammill - 1951,Donald Glover - 1983,Declan Donnelly - 1975,Arnold Palmer - 2016,John Bonham - 1980,1926 - Henry Ford announces 8 hour - 5 day work week,2003 - 8.0 magnitude earthquake strikes Japan
Serena Williams - 1981,Olivia Newton John - 1948,Megan McKenna - 1992,Michael Ballack - 1976,Paul Newman - 2008,Daniel Boone - 1820,2016 - First Presidential Election debate,1982 - Knight Rider first airs on television
Lil Wayne - 1982,Avril Lavigne - 1984,Gwyneth Paltrow - 1972,Brendon McCullum - 1981,Hugh Hefner - 2017,Cliff Burton - 1986,2015 - Supermoon and Lunar Eclipse coincide - causing 'blood moon',1993 - Cracker first airs on ITV
Hilary Duff - 1987,Naomi Watts - 1968,Marin Cilic - 1988,Melody Thornton - 1984,Louis Pastuer - 1895,Edwin Hubble - 1953,1923 - First Radio Times is published,2008 - Elon Musk launches first commercial spacecraft
Halsey - 1994,Zachary Levi - 1980,Alfie Boe - 1973,Silvio Berlusconi - 1936,Tony Curtis - 2010,Bill Shankly - 1981,2013 - 42 students killed by Boko Haram at a college in Nigeria,2002 - Europe wins 34th rider cup 15.5-12.5
Ezra Miller - 1992,Ola Jordan - 1982,Max Verstappen - 1997,Marion Cotillard - 1975,James Dean - 1955,Robert Kardashian - 2003,1997 - Microsoft releases Internet Explorer 4 ,1967 - Radio 1 first goes onto air
Julie Andrews - 1935,Theresa May - 1956,Zach Galifianakis - 1969,Brie Larson - 1989,EB White - 1985,Reggie Kray - 2000,2015 - Mudslide kills 131 people in Guatemala City,1992 - Cartoon Network first airs
Mahatma Gandhi - 1869,Sting - 1951,Richard III - 1452,Samantha Barks - 1990,Tom Petty - 2017,Gene Autry - 1998,2001 - NATO authorizes US strikes following 9/11,2016 - Kim Kardashian has $10m worth of jewellery stolen at gunpoint
Lena Headey - 1973,Danny O'Donaghue - 1979,Alicia Vikander - 1988,Tessa Thompson - 1984,Ronnie Barker - 2005,Benjamin Orr - 2000,1977 - Premier of India - Indira Gandhi is arrested,1955 - Mickey Mouse Club  premieres
Ashley Banjo - 1988,Dakota Johnson - 1989,Alicia Silverstone - 1976,Stacey Solomon - 1989,Janis Joplin - 1970,Rembrandt - 1669,1997 - 17.3m dollars cash stolen in second largest robbery ever in US,2012 - Michael Schumacher retires from F1
Kate Winslet - 1975,Jesse Eisenberg - 1984,Brian Johnson - 1947,Michael Morpurgo - 1943,Steve Jobs - 2011,Nancy Lincoln - 1818,2015 - Trans Pacific trade agreement is signed,1969 - Monty Python's flying circus begins airing in UK
Ioan Gruffard - 1975,Richie Benaud - 1930,Melvyn Bragg - 1939,Gerry Adams - 1948,Bette Davis - 1989,Alfred Lord Tennyson - 1892,1889 - Thomas Edison shows his first motion picture,1974 - Emerson Fitipaldi wins f1 World Championship
Simon Cowell - 1959,Vladimir Putin - 1952,Alesha Dixon - 1978,Shawn Ashmore - 1979,Edgar Allan Poe - 1849,George Mason - 1792,1959 - Far side of the moon seen for the first time,1996 - Rupert Murdoch launches Fox News
Matt Damon - 1970,Bruno Mars - 1985,Anne Marie Duff - 1970,Sigourney Weaver - 1949,Clement Attlee - 1967,John Hancock - 1793,1769 - James Cook lands in New Zealand,1945 - Microwave oven patented
John Lennon - 1940,David Cameron - 1966,Sharon Osbourne - 1952,Gok Wan - 1974,Oskar Schindler - 1974,Jan Hooks - 2014,1963 - Harold MacMillan resigns as PM of UK,1984 - Kathy Sullivan becomes first woman to walk in space
Marina Diamandis - 1985,Dan Stevens - 1982,Una Healy - 1981,Larry Lamb - 1947,Stephen Gately - 2009,Christopher Reeve - 2004,2014 - Malala Yousafzai wins Nobel Peace Prize,2017 - Thor: Ragnarok premieres in Los Angeles
Bradley James - 1983,Dawn French - 1957,Bobby Charlton - 1937,Lennie James - 1965,Edith Piaf - 1963,Patricia Berry - 2016,1939 - Einstein tells President Roosevelt about the possibility of atomic bomb,2016 - Samsung announces it will stop producing the Note 7 tablet
Hugh Jackman - 1968,Josh Hutcherson - 1992,Pavarotti - 1935,David Threlfall - 1953,Elizabeth Fry - 1845,Robert E Lee - 1870,1901 - Executive Mansion changes name to White House,1933 - Alcatraz becomes a prison
Margaret Thatcher - 1935,Sacha Baron Cohen - 1971,David Hayes - 1980,Kevin Clifton - 1982,Ed Sullivan - 1974,Bhumibol Adulyadej - 2016,1923 - Ankara becomes capital of Turkey,2002 - Michael Schumacher wins f1 world championship
Usher - 1978,Roger Moore - 1927,Mia Wasikowska - 1989,Cliff Richard - 1940,Errol Flynn - 1959,Bing Crosby - 1977,1322 - Robert the Bruce defeats English Army,1926 - Winnie the Pooh released
Anthony Joshua - 1989,Dominic West - 1969,Paul Logan - 1973,Mesut Ozil - 1988,Herman Goring - 1946,Cole Porter - 1964,1924 - Statue of Liberty declared a national monument,1990 - Mikhail Gorbechev wins Nobel peace prize
John Mayer - 1977,Angela Lansbury - 1925,Oscar Wilde - 1854,Jedward - 1991,Marie Antoinette - 1793,Sean Hughes - 2017,1847 - Jane Eyre by Charlotte Bronte published,"1950 - The Lion, the witch and the wardrobe released "
Eminem - 1972,Scarlett Moffatt - 1990,Felicity Jones - 1985,Mark Gatiss - 1966,Gordon Downie - 2017,Emily Murphy - 1933,1933 - Einstein arrives in US after fleeing Germany,1979 - Mother Teresa wins Nobel Peace Prize
Zac Efron - 1987,Ne-Yo - 1979,Paul Chuckle - 1947,Lindsey Vonn - 1984,Thomas Edison - 1931,Charles Babbage - 1871,1878 - Electricity made available for home use in US,1922 - BBC is founded
Michael Gambon - 1940,John Lithgow - 1945,Art Parkinson - 2001,Andrew Griffiths MP - 1970,Jonathan Swift - 1745,Lynda Bellingham - 2014,1466 - Thirteen Years war ends,2005 - Saddam Hussein goes on trial for crimes against humanity
Viggo Mortensen - 1958,Snoop Dogg - 1971,Dannii Minogue - 1971,Jess Glynne - 1989,Herbert Hoover - 1964,Colonel Gudaffi - 2011,"1714 - George I crowned King of Britain, despite being German",1864 - Thanksgiving established as national holiday
Carrie Fisher - 1956,Kim Kardashian - 1980,Andrew Scott - 1976,Alfred Nobel - 1833,Admiral Nelson - 1805,Sandy West - 2006,1854 - Florence Nightingale is sent to help in Crimean War,2014 - Oscar Pistorius is sentenced to 5 years in jail
Jeff Goldblum - 1952,Plan B - 1983,Christopher Lloyd - 1938,Arsene Wenger - 1949,Daniel Owen - 1895,Fred Berry - 2003,1981 - US national debt passes $1 trillion for first time,2013 - Thor: The dark world premieres in London
Emilia Clarke - 1986,Ryan Reynolds - 1976,Cat Deeley - 1976,Alvaro Morata - 1992,W.G. Grace - 1915,Marco Simoncelli - 2011,2001 - Apple releases the ipod,2012 - Skyfall premieres in London
Wayne Rooney - 1985,Drake - 1986,Claudia Fragapane - 1997,PewDiePie - 1989,Rosa Parks - 2005,Pete Burns - 2016,1926 - Last Performance of Harry Houdini,1931 - Al Capone sentenced to 11 years in prison for tax evasion
Katy Perry - 1984,Rylan Clarke - 1988,Pablo Picasso - 1881,Adam Goldberg - 1970,Richard Harris - 2002,Vincent Price - 1993,1760 - George III becomes king of Britain,2001 - Windows XP becomes available
Hilary Clinton - 1947,Seth McFarlane - 1973,Brian Bovell - 1959,Audley Harrison - 1971,Hattie McDaniel - 1952,Sam Sarpong - 2015,1529 - Thomas Moore becomes Chancellor of England,1951 - Winston Churchill re-elected Prime Minister
James Cook - 1728,John Cleese - 1939,Theodore Roosevelt - 1858,David Warner - 1986,Lou Reed - 2013,Lisa Blount - 2010,1682 - City of Philadelphia founded ,2016 - 6.6M earthquake is strongest in Italy for 36 years
Bill Gates - 1955,Matt Smith - 1982,Julia Roberts - 1967,Gwendoline Christie - 1978,Ted Hughes - 1998,John Locke - 1704,1726 - Gulliver's travels published,2007 - Bee Movie premieres
Andrew Lee Potts - 1979,Mark Sheehan - 1976,Winona Ryder - 1971,Dan Castellana - 1957,Walter Raleigh - 1618,Jimmy Saville - 2011,1929 - Wall Street crash,2008 - Quantim of Solace premieres in London
Diego Maradona - 1960,Ivanka Trump - 1981,Clemence Poesy - 1982,Gavin Rossdale - 1965,Al Molinaro - 2015,Gustav Ludwig Hertz - 1975,2016 - Canada and EU sign free trade deal,1974 - Rumble in the Jungle - Muhammed Ali wins
Frank Iero - 1981,Vanilla Ice - 1967,Debbie McGee - 1958,Christopher Columbus - 1451,Harry Houdini - 1926,Indira Ganhi - 1984,Halloween,1984 - Indira Ganhi assassinated by her bodyguards
Sigala - 1993,Natalia Tena - 1984,Toni Colette - 1972,Jeremy Hunt - 1966,Mitch Lucker - 2012,Elsa Maxwell - 1963,1604 - Shakespeare's Othello first opens,1800 - John Adams becomes first President to live in White House
David Schwimmer - 1966,Marie Antoinette - 1755,Samantha Womack - 1972,JP Cooper - 1983,Eva Cassidy - 1996,George Bernard Shaw - 1950,2000 - First crew arrives on International Space Station,2008 - Lewis Hamilton wins 1st f1 world championship
Kendall Jenner - 1995,Jamie Laing - 1988,Lulu - 1948,Ian Wright - 1963,Henri Matisse - 1954,Annie Oakley - 1926,1796 - John Adams becomes 2nd US President,1992 - Bill Clinton wins US presidential election
Matthew McConaughey - 1969,Louise Redknapp - 1974,Guy Martin - 1981,Tony Abbott - 1957,Wilfred Owen - 1918,Yitzhak Rabin - 1995,1980 - Ronald Reagan wins US presidential election,2008 - Barack Obama elected president of United States
Bryan Adams - 1959,Alexa Chung - 1983,Luke Hemsworth - 1981,Famke Janssen - 1964,Bobby Hatfield - 2003,James Clerk Maxwell - 1879,"1605 - Gunpowder plot unocovered, Guy Fawkes arrested",1945 - Colombia joins UN
Emma Stone - 1988,Sally Field - 1946,Rebecca Romjin - 1972,Susan Calman - 1974,Butch Cassidy - 1908,Pyotr Tchaikovsky - 1893,1860 - Abraham Lincoln elected US President,2005 - Harry Potter and the Goblet of Fire premieres in London
David Guetta - 1967,Madame Curie - 1867,Tinie Tempah - 1988,Lorde - 1996,Steve McQueen - 1980,Joe Frazier - 2011,2001 - Iran bans advertising of US products,2015 - Sierra Leone declared ebola free
Gordon Ramsay - 1966,Roy Wood - 1946,Ken Dodd - 1927,Brett Lee - 1976,Antonio Carluccio - 2017,Norman Rockwell - 1978,2016 - Donald Trump elected US president despite losing Popular vote,1889 - Montana becomes 41st state
Caroline Flack - 1979,Gareth Malone - 1975,French Montana - 1984,Finn Cole - 1995,Neville Chamberlain - 1940,Charles De Gaulle - 1970,1888 - Final victim of Jack the Ripper discovered in London,1989 - Berlin Wall comes down
Taron Egerton - 1989,Diplo - 1978,Zoey Deutch - 1994,Tim Rice - 1944,Leonard Cohen - 2016,Robert Enke - 2009,2012 - Barack Obama wins second term as US president,1969 - Sesame Street premieres on television
Leo DiCaprio - 1974,Demi Moore - 1962,Tye Sheridan - 1996,Stanley Tucci - 1960,Robert Vaughn - 2016,Yasser Arafat - 2004,"1918 - Armistice comes into effect at 11AM, ending WW1",1954 - The Two Towers by JRR Tolkein published
Ryan Gosling - 1980,Anne Hathaway - 1982,Grace Kelly - 1929,Nadia Comaneci - 1961,Liz Smith - 2017,Leon Russell - 2016,1923 - Hitler is arrested in Germany for trying to sieze power,2011 - Silvio Berlusconi resigns as Prime Minister of Italy
Jimmy Kimmel - 1967,Gerard Butler - 1969,Robert Louis Stevenson - 1850,Steve Zahn - 1967,Ernest Giles - 1897,Giaochino Rossini - 1868,1994 - Sweden joins EU,1999 - Toy Story 2 opens in US cinemas
Prince Charles - 1948,Patrick Warburton - 1964,Claude Monet - 1840,Paul McGann 1989,Charles Carroll - 1832,Warren Mitchell - 2015,2008 - Italy goes into Recession afer GDP drop 0.5%,2001 - Harry Potter and the Philosophers Stone opens in cinemas
Shailene Woodley - 1991,Jonny Lee Miller - 1972,B.o.B - 1988,Paulo Dybala - 1993,John Hanson - 1783,Tyrone Power - 1958,2007 - Cyclone kills 5000 people in Bangladesh,1947 - Don Bradman hits 100th century
Vicky Pattison - 1987,Paul Scholes - 1974,Gemma Atkinson - 1984,Maggie Gyllenhaal - 1977,Clark Gable - 1960,Johannes Kepler - 1630,1840 - NZ becomes British colony,1907 - Oklahoma becomes 46th state
Rachel McAdams - 1978,Danny DeVito - 1944,Tom Ellis - 1978,Jonathan Ross - 1960,Mary I - 1558,Ferenc Puskas - 2006,1558 - Elizabeth I becomes Queen of England,2008 - Japan goes into recession
Owen Wilson - 1968,Ant McPartlin - 1975,Mat Baynton - 1980,Stevn Moffat - 1961,Jonah Lomu - 2015,Malcolm Young - 2017,1960 - Ben Hur premieres in New York City,1918 - Latvia declares independence from Russia
Adam Driver - 1983,Calvin Klein - 1942,Jodie Foster - 1962,Larry King - 1933,Franz Schubert - 1828,Emma Lazarus - 1887,1493 - Christopher Columbus discovers Puerto Rico,2010 - Harry Potter and the Deathly Hallows part 1 is released in cinemas
Joe Biden - 1942,Oli Sykes - 1986,Kimberley Walsh - 1981,Nathan Lyon - 1987,Leo Tolstoy - 1910,Mike Nichols - 2014,1990 - Margaret Thatcher loses leadership of the conservative party,1969 - Pele scores 1000th career goal
Conor Maynard - 1992,Carly Rae Jepsen - 1985,Bjork - 1965,Jena Malone - 1984,David Cassidy - 2017,Wilbert Awdry - 1997,1974 - Birmingham pub bombings kill 21 people,2017 - Robert Mugabe resigns as president of Zimbabwe
Scarlett Johansson - 1984,Mark Ruffalo - 1967,Jamie Campbell Bower - 1988,Jamie Lee Curtis - 1958,John F Kennedy - 1963,CS Lewis - 1963,1956 - 16th Olympic games open in Melbourne,1963 - Assassination of John F Kennedy
Miley Cyrus - 1992,Kelly Brook - 1979,Zoe Ball - 1970,Jack Maynard - 1994,Roald Dahl - 1990,Andrew Sachs - 2016,1963 - Doctor Who first airs on television,1897 - Pencil Sharpener is patented
Katherine Heigl - 1978,Sarah Hyland - 1990,Tom Odell - 1990,Billy Connelly - 1942,Freddie Mercury - 1991,Lee Harvey Oswald - 1963,1969 - Apollo 12 returns to earth,2014 - 12 year old boy carrying  toy gun shot dead by Police in Cleveland
Joel Kinnaman - 1979,Joe DiMaggio - 1914,Bruno Tonioli - 1955,Xabi Alonso - 1981,Fidel Castro - 2016,George Best - 2005,1955 - Clement Attlee resigns as leader of Labour party,1867 - Dynamite patented by Alfred Nobel
Rita Ora - 1990,Natasha Bedingfield - 1981,Tina Turner - 1939,DJ Khaled - 1975,Edna Parker - 2008,Rachel Roberts - 1980,1688 - French King Louis XIV declares was on Holland,1976 - Sex Pistols release debut single 
Bruce Lee - 1940,Bill Nye - 1955,Jimi Hendrix - 1942,Pro Green - 1983,Gary Speed - 2011,Philip Hughes - 20144,2017 - Prince Harry and Meghan Markle announce their engagement,2013 - Frozen is released in cinemas
Karen Gillan - 1987,Mary Elizabeth Winstead - 1984,Joe Cole - 1988,Jon Stewart - 1962,Enid Blyton - 1968,Enrico Fermi - 1954,1990 - John Major chosen as Prime Minister of Prime Minister by Tory MPs,1918 - Kaiser Wilhelm II abdicates 
Howie Mandel - 1955,Anna Faris - 1976,Ryan Giggs - 1973,Chadwick Boseman - 1976,George Harrison - 2001,Graham Hill - 1975,1935 - Schrodinger's Cat thought experiment published,2015 - Tyson Fury beats Wladimir Klitschko to win world heavyweight champion title
Ben Stiller - 1965,Kaley Cuoco - 1985,Winston Churchill - 1974,Dougie Poynter - 1987,Paul Walker - 2013,Oscar Wilde - 1900,1648 - Charles I captured by Parliamentary troops,1782 - Britain recognises US independence
Woody Allen - 1935,Bette Midler - 1945,Sarah Silverman - 1970,Riz Ahmed - 1982,James Baldwin - 1987,Alvin Ailey - 1989,1887 - First novel featuring Sherlock Holmes published,1953 - 1st edition of Playboy Magazine published
Britney Spears - 1984,Charlie Puth - 1991,Nelly Furtado - 1978,Lucy Liu - 1968,Maggie Jones - 2009,Paavo Nurmi - 1973,1697 - St Pauls Cathedral opens for use,1804 - Napoleon crowned emporer of France
Amanda Seyfried - 1985,Julianne Moore - 1960,Brendan Fraser - 1968,Ozzy Osbourne - 1948,Robert Louis Stevenson - 1894,Scott Weiland - 2015,1828 - Andrew Jackson elected president of US,1984 - Do they know its christmas charity single released in UK
Jay Z - 1969,Tyra Banks - 1973,Jeff Bridges - 1949,Ronnie Corbett - 1930,Cardinal Richilieu - 1642,Frank Zappa - 1993,1844 - James Polk elected president of US,2011 - Spain beat Argentina to win 100th Davis Cup
Walt Disney - 1901,Little Richard - 1932,Ronnie O'Sullivan - 1975,Eddie Edwards - 1963,Nelson Mandela - 2013,Wolfgang Armadeus Mozart - 1791,1492 - Christopher Columbus discovers Haiti,2002 - Lord of the Rings: The Two Towers premieres in New York
Freddie Flintoff - 1977,Nick Park - 1958,Alberto Contador - 1982,Noel Clarke - 1975,Peter Vaughan - 2016,Roy Orbison - 1988,1956 - Nelson Mandela arrested for Political Activities ,1998 - Hugo Chavez elected president of Venezuela
Nicholas Hoult - 1989,John Terry - 1980,Aaron Carter - 1987,Sara Bareilles - 1979,Billy Bremner - 1997,Christopher Connelly - 1988,1836 - Martin Van Buren elected 8th president of US,1981 - Spain joins NATO
Amir Khan - 1986,Nicki Minaj - 1982,Corey Taylor - 1973,Mary Queen of Scots - 1542,John Lennon - 1980,Pablo Picasso - 1973,1963 - Frank Sinatra Jr kidnapped,1978 - The Deer Hunter premieres in Los Angeles
Kirk Douglas - 1916,Judi Dench - 1934,Donny Osmond - 1957,John Malkovich - 1953,Eleanor Parker - 2013,Jenni Rivera - 2012,2015 - Angela Merkel named person of the year by time magazine,1960 - First Epiosde of Coronation Street broadcasts
Kenneth Branagh - 1960,Susanna Reid - 1970,Emily Dickinson - 1830,Gonzalo Higuain - 1987,Richard Pryor - 2005,Alfred Nobel - 1896,1817 - Mississippi becomes 20th state,1978 - Superman: The Movie opens in New York
Jermaine Jackson - 1954,Ben Shephard - 1974,Hailee Steinfeld - 1996,Tim Southee - 1988,Sam Cooke - 1964,Bettie Page - 2008,1816 - Indiana becomes 16th state,"1981 - Muhammed Ali loses his 61st fight, his last one"
Frank Sinatra - 1915,Bob Barker - 1923,Mayim Bialik - 1975,Bill Nighy - 1949,Van Johnson - 2008,Peter Boyle - 2006,1911 - Delhi becomes capital of India,"1988 - 3 trains collide in London, killing 40"
Jamie Foxx - 1967,Taylor Swift - 1989,Dick Van Dyke - 1925,Steve Buscemi - 1957,Alan Thicke - 2016,Wassily Kandinsky - 1944,1577 - Francis Drake sets sail around the world,1920 - International Court of Justice is formed in The Hague
Miranda Hart - 1972,Vanessa Hudgens - 1988,Michael Owen - 1979,Nostradamis - 1503,George Washington - 1799,Peter O'Toole - 2013,1918 - UK Election: Coalition government led by David Lloyd George win,1967 - DNA created in test tube
Camilla Luddington - 1983,Nero - 37,Charlie Cox - 1982,Michelle Dockery - 1981,Walt Disney - 1966,Glenn Miller - 1944,1976 - Samoa becomes member of UN,2004 - Million Dollar Baby is released
Beethoven - 1770,Theo James - 1984,Zara Larsson - 1997,Jane Austen - 1775,Colonel Sanders - 1980,John Spencer - 2005,1991 - Kazakhstan declares independence,1857 - Earthquake hits Naples
Pope Francis - 1936,Manny Pacquiao - 1978,Jacqueline Wilson - 1945,Dynamo - 1982,Kim Jong Il - 2011,Henry Heimlich - 2016,1745 - Bonnie Prince Charles's army returns to Scotland,2015 - Star Wars: The Force Awakens opens in cinemas
Brad Pitt - 1963,Christina Aguilera - 1980,Sia - 1975,Steven Spielberg - 1946,Zsa Zsa Gabor - 2016,Kirsty MacColl - 2000,1966 - How the Grinch stole Christmas airs for first time,2009 - Avatar released in cinemas
Jake Gyllenhaal - 1980,Richard Hammond - 1969,Edith Piaf - 1915,Gary Cahill - 1985,Emily Bronte - 1848,J.M.W Turner - 1851,1842 - Hawaii declares independence from US,2001 - The Fellowship of the Ring released in cinemas
Jonah Hill - 1983,Ashley Cole - 1980,Dick Wolf - 1946,Darren Sammy - 1983,John Steinbeck - 1968,Carl Sagan - 1996,1192 - Richard the Lionheart captured in Austria,1946 - Its a wonderful life premieres in New York
Samuel L Jackson - 1948,Steven Yeun - 1983,Jane Fonda - 1937,Kiefer Sutherland - 1966,F Scott Fitzgerald - 1940,David Coleman - 2013,1946 - Earthquake in Japan kills over 1000 people,1937 - Snow White and the seven dwarves becomes first full length animated film
Meghan Trainor - 1993,Ralph Fiennes - 1962,Basshunter - 1983,Robin Gibb - 1949,Beatrix Potter - 1943,Joe Cocker - 2014,2016 - Ebola vaccine is finished,1984 - Like a virgin by Madonna becomes #1
Harry Judd - 1985,Jodie Marsh - 1978,Carol Ann Duffy - 1955,Carol Smilie - 1961,Mikhail Kalashnikov - 2013,Jack Webb - 1982,2005 - Chad declares that its at war against Sudan,1815 - Emma by Jane Austen is published
Caroline Aherne - 1963,Louis Tomlinson - 1991,Ricky Martin - 1971,Carol Vorderman - 1960,Liz Smith - 2016,Jack Klugman - 2012,1777 - Christmas Island discovered by James Cook,1970 - Aristocats released in cinemas
Alistair Cook - 1984,Chris Kamara - 1957,Jesus Christ - 0,Justin Trudeau - 1971,George Michael - 2016,Charlie Chaplin - 1977,Christmas Day,1932 - George V chair breaks during Christmas speech
Chairman Mao - 1893,Kit Harington - 1986,Hugo Lloris - 1986,Yohan Blake - 1989,Gerald Ford - 2006,Harry S Truman - 1972,Boxing Day,2004 - Indian Ocean Earthquake and Tsunami kills over 250000 people
Hayley Williams - 1988,Louis Pasteur - 1822,Milos Raonic - 1990,Olivia Cooke - 1993,Carrie Fisher - 2016,Gustave Eiffel - 1923,1831 - HMS beagle departs England,2002 - Chicago released in cinemas
Stan Lee - 1922,Maggie Smith - 1934,Denzel Washington - 1954,John Legend - 1978,Debbie Reynolds - 2016,James Owen Sullivan - 2009,1950 - Peak District becomes first National park in UK,1984 - Ted Hughes is names Poet Laureate
Jude Law - 1972,Mary Tyler Moore - 1936,Diego Luna - 1979,Jon Voight - 1938,Christina Rosetti - 1894,Bob Monkhouse - 2003,2016 - Barack Obama expells 35 russian spies after meddling in US election,1982 - Postage stamp featuring Bob Marley is issued
Joe Root - 1990,LeBron James - 1984,Ellie Goulding - 1986,Tiger Woods - 1975,Rasputin - 1916,Bobby Farnell - 2010,1968 - Frank Sinatra records My Way,1972 - Richard Nixon halts bombing of Vietnam
Alex Ferguson - 1941,Psy - 1977,Anthony Hopkins - 1937,Val Kilmer - 1959,James Avery - 2013,Natalie Cole - 2015,New Years Eve,1977 - Ted Bundy escapes from jail
